"tau1","tau2","beta_tau1","beta_tau2","diff","se","t_stat","p_value","significant"
0.1,0.5,-0.373862273682493,-0.224792435526099,0.149069838156393,0.115594251366256,1.28959560180957,0.197191103594935,FALSE
0.5,0.9,-0.224792435526099,-0.308353352059701,-0.0835609165336018,0.126352164928027,-0.661333476804294,0.508398477167552,FALSE
0.1,0.9,-0.373862273682493,-0.308353352059701,0.0655089216227916,0.158072311459182,0.41442375972156,0.678563791339697,FALSE
0.25,0.75,-0.249900979477898,-0.205304279619404,0.0445966998584945,0.120157325213141,0.371152568346431,0.710523898874542,FALSE
