"lag","AIC","HQ","SC","FPE"
1,-6.00539798225361,-5.76027330313419,-5.39204710323089,0.00246728564636842
2,-6.49305522753804,-6.05183080512308,-5.38902364529714,0.00152069304072184
3,-6.59046026268518,-5.95313609697469,-4.99574797722611,0.00139219346680411
4,-6.40567593403069,-5.57225202502466,-4.32028294535345,0.00170378774478866
5,-6.16245824501188,-5.13293459271032,-3.58638455311647,0.00223509088409734
6,-6.06311237172013,-4.83748897612304,-2.99635797660654,0.00257601465263676
7,-5.81437169352414,-4.39264855463151,-2.25693659519237,0.00351135850233574
8,-5.79684145552279,-4.17901857333462,-1.74872565397284,0.0038877114918561
